feature,group,AUC_alone,direction
n_buyers,buyers,0.7126016104387607,higher = LESS churn
n_orders,rhythm,0.7115725301037482,higher = LESS churn
n_categories,assortment,0.7002516569182894,higher = LESS churn
active_months,rhythm,0.6971748506439219,higher = LESS churn
usual_gap_days,rhythm,0.6779217830579914,higher = MORE churn
usual_orders_per_90d,rhythm,0.6775592661217938,higher = LESS churn
spend_total,value,0.6720759950640126,higher = LESS churn
spend_last_365d,value,0.6661644502758997,higher = LESS churn
orders_last_90d,rhythm,0.662082221719676,higher = LESS churn
categories_last_90d,assortment,0.659993116675941,higher = LESS churn
annual_value,value,0.6487657062936358,higher = LESS churn
days_since_last,rhythm,0.6094417041282494,higher = MORE churn
dropped_categories,assortment,0.6017862099996744,higher = LESS churn
dropped_spend,assortment,0.6001806107951606,higher = LESS churn
tenure_days,rhythm,0.5909209567352678,higher = LESS churn
freight_share,cost,0.5629499415385218,higher = MORE churn
repeat_buyers,buyers,0.5431512994568003,higher = LESS churn
avg_order_value,value,0.5409949983457354,higher = LESS churn
repeat_buyer_share,buyers,0.5292973054466955,higher = LESS churn
last_review,experience,0.5275709872028823,higher = LESS churn
low_reviews_90d,experience,0.5262815783285757,higher = LESS churn
avg_review,experience,0.5259308454416689,higher = LESS churn
trend_vs_usual,rhythm,0.5238821300019916,higher = LESS churn
max_days_late_90d,experience,0.5127198467317975,higher = LESS churn
late_last_90d,experience,0.5125816765049985,higher = LESS churn
overdue_ratio,rhythm,0.5102290945118535,higher = LESS churn
last_order_late,experience,0.5101958113192,higher = MORE churn
avg_installments,cost,0.507266890365703,higher = LESS churn
late_share,experience,0.5031431927505248,higher = MORE churn
failed_orders_90d,experience,0.503059085223144,higher = LESS churn
boleto_share,cost,0.5003169999213797,higher = MORE churn
has_review,experience,0.5,higher = MORE churn
