feature,group,weight,kept
usual_gap_days,rhythm,0.32053666411764936,True
n_buyers,buyers,-0.26926976026130944,True
overdue_ratio,rhythm,0.16935968616346508,True
n_orders,rhythm,-0.14291021409655935,True
orders_last_90d,rhythm,-0.1265406120942622,True
avg_order_value,value,0.09699074601961218,True
freight_share,cost,0.09682673647231081,True
low_reviews_90d,experience,0.07106427485799041,True
last_review,experience,-0.05389557125152641,True
late_share,experience,0.04046634219010374,True
dropped_spend,assortment,0.028324405670806997,True
repeat_buyer_share,buyers,0.02607473823344654,True
has_review,experience,-0.020070795574169714,True
repeat_buyers,buyers,0.010460824795891438,True
last_order_late,experience,0.00715985425964393,True
avg_review,experience,-0.001014746983171045,True
dropped_categories,assortment,0.0,False
categories_last_90d,assortment,0.0,False
n_categories,assortment,0.0,False
annual_value,value,0.0,False
spend_total,value,0.0,False
spend_last_365d,value,0.0,False
trend_vs_usual,rhythm,0.0,False
usual_orders_per_90d,rhythm,0.0,False
tenure_days,rhythm,0.0,False
active_months,rhythm,0.0,False
days_since_last,rhythm,0.0,False
late_last_90d,experience,0.0,False
failed_orders_90d,experience,0.0,False
max_days_late_90d,experience,0.0,False
avg_installments,cost,0.0,False
boleto_share,cost,0.0,False
